Employee_ID,Employee_Name,Job_Title
501,Blake Orr,Trainee
502,Kathryn Lester,Trainee
503,Megan Oliver,Associate
504,Peter Thompson,Manager
505,Dr. Rhonda Martinez,Associate
506,William Graham,Associate
507,Lori Flowers MD,Trainee
508,Suzanne Jones,Associate
509,James Nguyen,Associate
510,Jimmy Marks,Trainee
511,Lisa Mills,Associate
512,Jason Hernandez,Manager
513,Olivia Ayers,Trainee
514,Kristine Garcia,Associate
515,Joseph Cooper,Trainee
516,James Washington,Associate
517,Amanda Hill,Associate
518,Lee Steele,Associate
519,Steve Rivera,Associate
520,Patrick Mccall,Trainee
521,Alicia Roth,Manager
522,Douglas Vasquez,Associate
523,Annette Melton,Trainee
524,William Ramos,Associate
525,Debra Butler,Associate
526,Chelsea Lewis,Trainee
527,Natalie Malone,Associate
528,Samantha Robertson,Manager
529,Eric Hunter,Trainee
530,Samuel Suarez,Manager
531,Corey Whitaker,Trainee
532,Danielle Bryant,Trainee
533,Michele Hill,Trainee
534,Kathy Reid,Associate
535,Andre Watson,Associate
536,Cassandra Harrell,Trainee
537,Hannah Martin,Associate
538,Nicole Barker,Associate
539,James Martin,Trainee
540,Traci Vincent,Associate
541,Megan Adams,Associate
542,Alejandro Deleon,Associate
543,Alexa Buck,Manager
544,Lindsay Smith,Associate
545,Robert Torres,Manager
546,Maria Coleman,Associate
547,Gregory King,Associate
548,Michael Holloway,Trainee
549,Brian Hunt,Associate
550,Sarah Brooks,Associate
